City_ID,City,Country,Date,Lat,Lng,Max Temp,Humidity,Cloudiness,Wind Speed
0,Cape Town,ZA,2022-07-25 18:48:54,-33.9258,18.4232,59.11,62,0,4.61
1,Kahului,US,2022-07-25 18:53:52,20.8947,-156.47,81.97,68,0,14.97
2,Port Alfred,ZA,2022-07-25 18:48:55,-33.5906,26.891,56.97,70,1,14.94
3,Simga,IN,2022-07-25 18:53:52,21.6333,81.7,78.22,87,100,7.31
4,Ushuaia,AR,2022-07-25 18:47:29,-54.8,-68.3,35.26,69,40,18.41
5,Rikitea,PF,2022-07-25 18:47:29,-23.1203,-134.9692,75.33,70,32,18.41
6,Kalvarija,LT,2022-07-25 18:53:53,54.4,23.2333,62.64,83,100,6.73
7,Ashington,GB,2022-07-25 18:53:53,50.9331,-0.3909,72.41,70,20,17.27
8,Barrow,US,2022-07-25 18:48:42,71.2906,-156.7887,37.42,93,100,27.63
9,Georgetown,MY,2022-07-25 18:48:46,5.4112,100.3354,80.53,96,40,5.01
10,Darapidap,PH,2022-07-25 18:53:54,17.2131,120.4114,85.01,83,100,5.26
11,Lasa,IT,2022-07-25 18:53:55,46.6166,10.7002,68.36,92,62,5.91
12,Jamestown,US,2022-07-25 18:47:00,42.097,-79.2353,76.51,53,40,14.97
13,Betanzos,ES,2022-07-25 18:53:55,43.2804,-8.2147,74.05,80,20,11.5
14,Sitka,US,2022-07-25 18:50:51,57.0531,-135.33,57.09,88,100,3.44
15,Zhigansk,RU,2022-07-25 18:53:56,66.7697,123.3711,58.03,76,9,0.81
16,Yellowknife,CA,2022-07-25 18:47:38,62.456,-114.3525,66.72,52,75,18.41
17,Bluff,NZ,2022-07-25 18:50:09,-46.6,168.3333,43.81,88,100,25.95
18,Nikolskoye,RU,2022-07-25 18:47:32,59.7035,30.7861,66.09,93,100,2.86
19,Belmonte,BR,2022-07-25 18:53:57,-15.8631,-38.8828,75.83,67,50,9.24
20,Yangambi,CD,2022-07-25 18:53:58,0.8102,24.4336,70.72,94,100,2.26
21,Naze,JP,2022-07-25 18:53:58,28.3667,129.4833,77.92,82,10,3.47
22,Mataura,NZ,2022-07-25 18:47:28,-46.1927,168.8643,44.47,95,100,11.05
23,East London,ZA,2022-07-25 18:47:59,-33.0153,27.9116,50.94,87,0,4.61
24,Tuatapere,NZ,2022-07-25 18:51:19,-46.1333,167.6833,44.74,93,100,12.39
25,Torbay,CA,2022-07-25 18:43:17,47.6666,-52.7314,83.17,56,75,16.11
26,Albany,US,2022-07-25 18:42:34,42.6001,-73.9662,85.39,72,21,12.12
27,Esperance,AU,2022-07-25 18:53:59,-33.8667,121.9,51.37,61,0,16.51
28,Tuktoyaktuk,CA,2022-07-25 18:49:34,69.4541,-133.0374,51.8,76,75,13.8
29,Golpayegan,IR,2022-07-25 18:54:00,33.4537,50.2884,78.64,29,0,3.56
30,Carnarvon,AU,2022-07-25 18:48:47,-24.8667,113.6333,61.97,38,0,8.97
31,Almaznyy,RU,2022-07-25 18:47:30,48.0448,40.045,66.2,69,100,5.17
32,Saskylakh,RU,2022-07-25 18:49:59,71.9167,114.0833,64.09,80,100,6.85
33,Svetlaya,RU,2022-07-25 18:54:01,46.5389,138.3297,64.06,93,26,3.33
34,Lorengau,PG,2022-07-25 18:51:06,-2.0226,147.2712,81.21,78,95,7.52
35,Bredasdorp,ZA,2022-07-25 18:48:51,-34.5322,20.0403,49.93,82,0,3.71
36,Juarez,MX,2022-07-25 18:49:30,31.7333,-106.4833,92.28,41,20,11.5
37,Hobart,AU,2022-07-25 18:48:06,-42.8794,147.3294,53.46,93,100,1.14
38,Kodiak,US,2022-07-25 18:48:40,57.79,-152.4072,62.11,67,0,12.66
39,Taltal,CL,2022-07-25 18:47:33,-25.4,-70.4833,60.62,75,22,5.39
40,Avarua,CK,2022-07-25 18:47:39,-21.2078,-159.775,68.05,73,20,8.05
41,Mosquera,CO,2022-07-25 18:49:21,4.7059,-74.2302,64.49,63,75,3.44
42,Vao,NC,2022-07-25 18:49:56,-22.6667,167.4833,69.73,73,71,14.72
43,Udachnyy,RU,2022-07-25 18:49:54,66.4167,112.4,66.45,77,4,3.78
44,Dingle,PH,2022-07-25 18:52:24,10.9995,122.6711,75.7,91,50,1.43
45,Dakar,SN,2022-07-25 18:46:15,14.6937,-17.4441,86.13,70,20,13.8
46,Celestun,MX,2022-07-25 18:50:10,20.8667,-90.4,84.83,69,100,11.95
47,Laguna,US,2022-07-25 18:55:03,38.421,-121.4238,92.08,41,0,7.29
48,Bhinga,IN,2022-07-25 18:55:04,27.7167,81.9333,84.87,65,20,8.3
49,Kruisfontein,ZA,2022-07-25 18:55:04,-34.0033,24.7314,54.88,75,0,10.4
50,Busselton,AU,2022-07-25 18:47:34,-33.65,115.3333,62.55,73,56,23.13
51,Nanortalik,GL,2022-07-25 18:50:42,60.1432,-45.2371,42.24,96,100,4.94
52,Souillac,MU,2022-07-25 18:47:31,-20.5167,57.5167,68.38,88,40,10.36
53,Ribeira Grande,PT,2022-07-25 18:52:31,38.5167,-28.7,79.2,78,20,10.36
54,La Ronge,CA,2022-07-25 18:45:49,55.1001,-105.2842,70.02,60,75,8.05
55,Punta Arenas,CL,2022-07-25 18:47:56,-53.15,-70.9167,41.11,52,0,14.97
56,Mao,ES,2022-07-25 18:55:05,39.8885,4.2658,84.76,70,0,3.44
57,Saint-Pierre,RE,2022-07-25 18:55:06,-21.3393,55.4781,67.91,72,20,5.75
58,Westport,US,2022-07-25 18:55:06,41.1415,-73.3579,80.89,83,100,12.66
59,Grindavik,IS,2022-07-25 18:55:07,63.8424,-22.4338,52.27,82,75,8.05
60,Qaanaaq,GL,2022-07-25 18:51:11,77.484,-69.3632,43.75,70,2,1.1
61,Kuna,US,2022-07-25 18:55:07,43.4918,-116.4201,90.21,29,0,5.75
62,Klaksvik,FO,2022-07-25 18:51:17,62.2266,-6.589,49.12,83,29,16.2
63,Yumen,CN,2022-07-25 18:55:08,40.2833,97.2,76.21,30,71,6.76
64,Upernavik,GL,2022-07-25 18:51:00,72.7868,-56.1549,39.94,89,67,11.7
65,Coquimbo,CL,2022-07-25 18:50:08,-29.9533,-71.3436,56.93,71,75,2.3
66,Hithadhoo,MV,2022-07-25 18:52:38,-0.6,73.0833,82.54,72,4,9.06
67,Abu Road,IN,2022-07-25 18:55:09,24.4833,72.7833,77.52,93,100,8.32
68,Cabo San Lucas,MX,2022-07-25 18:48:06,22.8909,-109.9124,90.61,63,20,11.5
69,Atuona,PF,2022-07-25 18:51:15,-9.8,-139.0333,78.1,62,93,14.97
70,Chitrakonda,IN,2022-07-25 18:55:09,18.1167,82.0833,74.68,94,99,2.3
71,Dekalb,US,2022-07-25 18:55:10,33.7504,-84.2333,91.83,64,92,6.42
72,Puerto Ayora,EC,2022-07-25 18:48:33,-0.7393,-90.3518,78.76,90,73,5.99
73,Teguise,ES,2022-07-25 18:55:10,29.0605,-13.564,89.82,40,0,13.8
74,Hami,CN,2022-07-25 18:50:51,42.8,93.45,82.54,17,87,12.59
75,Beringovskiy,RU,2022-07-25 18:48:47,63.05,179.3167,45.01,76,100,6.44
76,Henties Bay,NA,2022-07-25 18:55:11,-22.116,14.2845,55.35,93,11,3.8
77,Lagoa,PT,2022-07-25 18:50:56,39.05,-27.9833,75.15,83,0,9.6
78,Richards Bay,ZA,2022-07-25 18:55:12,-28.783,32.0377,58.37,73,0,5.88
79,Komsomolskiy,UZ,2022-07-25 18:55:12,40.4272,71.7189,86.72,32,0,4.61
80,Ahipara,NZ,2022-07-25 18:52:35,-35.1667,173.1667,56.57,87,39,21.36
81,Denia,ES,2022-07-25 18:55:12,38.8408,0.1057,89.56,76,75,5.99
82,Cidreira,BR,2022-07-25 18:55:13,-30.1811,-50.2056,64.31,88,40,8.46
83,Mossendjo,CG,2022-07-25 18:55:13,-2.9506,12.7261,73.98,73,99,5.61
84,Kapaa,US,2022-07-25 18:43:28,22.0752,-159.319,80.92,67,20,12.66
85,Victoria,HK,2022-07-25 18:52:10,22.2855,114.1577,87.39,81,79,8.01
86,Indian Head,US,2022-07-25 18:55:14,38.6001,-77.1622,94.33,69,100,9.22
87,Mayo,US,2022-07-25 18:52:29,38.8876,-76.5119,91.94,71,88,5.01
88,Dukat,RU,2022-07-25 18:56:15,62.55,155.55,58.6,53,17,3.47
89,Mehamn,NO,2022-07-25 18:47:37,71.0357,27.8492,55.35,76,100,2.3
90,Oranjemund,NA,2022-07-25 18:56:15,-28.55,16.4333,58.78,73,0,6.85
91,Hilo,US,2022-07-25 18:48:44,19.7297,-155.09,81.25,70,40,3.44
92,Dikson,RU,2022-07-25 18:48:12,73.5069,80.5464,46.08,97,95,19.64
93,Cherskiy,RU,2022-07-25 18:56:16,68.75,161.3,46.98,54,49,8.63
94,Kavieng,PG,2022-07-25 18:53:02,-2.5744,150.7967,81.28,80,15,17.13
95,Zarichne,UA,2022-07-25 18:56:17,51.8126,26.129,61.65,71,7,4.68
96,Pointe Michel,DM,2022-07-25 18:56:17,15.25,-61.3833,86.94,70,40,10.36
97,Dhidhdhoo,MV,2022-07-25 18:56:18,6.8833,73.1,81.95,78,100,14.7
98,Paramonga,PE,2022-07-25 18:56:18,-10.6667,-77.8333,66.18,74,51,11.5
99,Avera,US,2022-07-25 18:54:06,33.194,-82.5271,92.71,39,100,8.12
100,Mar Del Plata,AR,2022-07-25 18:47:39,-38.0023,-57.5575,51.82,92,100,14.97
101,Porto Novo,BJ,2022-07-25 18:56:19,6.4965,2.6036,78.62,82,100,8.97
102,Constitucion,CL,2022-07-25 18:56:19,-35.3333,-72.4167,55.98,77,100,23.91
103,West Lorne,CA,2022-07-25 18:56:20,42.6001,-81.5998,77.68,42,8,11.86
104,Anadyr,RU,2022-07-25 18:56:20,64.75,177.4833,45.1,87,0,0.0
105,Ust-Nera,RU,2022-07-25 18:51:19,64.5667,143.2,62.96,58,12,3.76
106,Robertsport,LR,2022-07-25 18:56:20,6.7533,-11.3686,76.84,71,50,10.63
107,Brae,GB,2022-07-25 18:56:21,60.3964,-1.353,50.9,78,100,23.69
108,Port Augusta,AU,2022-07-25 18:56:21,-32.5,137.7667,44.87,79,0,7.43
109,Skjervoy,NO,2022-07-25 18:56:21,70.0311,20.9714,60.8,80,100,10.36
110,Bethel,US,2022-07-25 18:51:17,41.3712,-73.414,82.35,74,40,6.91
111,Kieta,PG,2022-07-25 18:56:22,-6.2167,155.6333,77.83,85,83,2.77
112,Solnechnyy,RU,2022-07-25 18:56:22,50.7214,136.6319,61.61,99,89,5.37
113,Kharovsk,RU,2022-07-25 18:56:23,59.9642,40.1912,63.64,86,94,5.7
114,Kerman,IR,2022-07-25 18:56:23,30.2832,57.0788,87.66,20,40,4.61
115,Tecoanapa,MX,2022-07-25 18:56:24,16.5167,-98.75,86.5,58,98,8.14
116,Saint-Philippe,RE,2022-07-25 18:50:08,-21.3585,55.7679,65.79,82,46,11.07
117,Balrampur,IN,2022-07-25 18:56:24,27.4333,82.1833,85.75,63,76,10.89
118,Provideniya,RU,2022-07-25 18:56:25,64.3833,-173.3,41.04,90,100,8.97
119,Hermanus,ZA,2022-07-25 18:47:52,-34.4187,19.2345,49.8,67,0,9.48
120,Muros,ES,2022-07-25 18:56:25,42.7762,-9.0603,79.68,58,0,11.52
121,Kloulklubed,PW,2022-07-25 18:56:26,7.0419,134.2556,83.59,74,70,8.23
122,New Norfolk,AU,2022-07-25 18:47:26,-42.7826,147.0587,53.1,88,100,1.54
123,Pontianak,ID,2022-07-25 18:56:26,-0.0333,109.3333,76.98,94,40,2.3
124,Macapa,BR,2022-07-25 18:56:27,0.0389,-51.0664,87.78,74,40,6.91
125,Simpang,ID,2022-07-25 18:56:27,-1.2667,104.0833,73.99,98,100,3.18
126,Saint George,US,2022-07-25 18:51:13,37.1041,-113.5841,94.42,34,0,13.8
127,Hailar,CN,2022-07-25 18:56:27,49.2,119.7,62.4,92,100,8.57
128,Kencong,ID,2022-07-25 18:56:28,-8.2833,113.3667,70.07,85,97,3.6
129,Talara,PE,2022-07-25 18:56:28,-4.5772,-81.2719,75.96,60,0,13.8
130,Horodyshche,UA,2022-07-25 18:56:28,49.2849,31.4451,68.72,63,95,8.77
131,Kashi,CN,2022-07-25 18:56:29,39.4547,75.9797,87.01,20,0,8.95
132,Bengkulu,ID,2022-07-25 18:56:29,-3.8004,102.2655,71.65,87,100,4.07
133,Najran,SA,2022-07-25 18:57:30,17.4924,44.1277,83.05,46,100,11.72
134,Asau,RO,2022-07-25 18:57:30,46.4333,26.4,72.52,52,43,2.3
135,Ilulissat,GL,2022-07-25 18:57:30,69.2167,-51.1,39.76,90,100,3.15
136,Melo,UY,2022-07-25 18:57:31,-32.3667,-54.1833,69.17,86,100,7.58
137,Myitkyina,MM,2022-07-25 18:57:31,25.3833,97.4,74.34,98,76,1.19
138,Macheng,CN,2022-07-25 18:57:32,31.1783,115.0319,78.53,83,90,2.93
139,Havre-Saint-Pierre,CA,2022-07-25 18:53:04,50.2334,-63.5986,68.36,88,100,0.0
140,Jiuquan,CN,2022-07-25 18:57:32,39.7432,98.5174,75.24,32,99,9.1
141,Carballo,ES,2022-07-25 18:57:32,43.213,-8.691,75.0,80,0,5.99
142,Wasilla,US,2022-07-25 18:55:55,61.5814,-149.4394,63.07,81,100,11.5
143,San Patricio,US,2022-07-25 18:50:09,28.017,-97.5169,97.52,41,3,16.04
144,Vila Velha,BR,2022-07-25 18:57:34,-20.3297,-40.2925,78.75,74,75,10.36
145,Merauke,ID,2022-07-25 18:57:34,-8.4667,140.3333,74.88,87,45,13.62
146,Mtimbira,TZ,2022-07-25 18:57:34,-8.7833,36.35,73.63,56,93,1.57
147,Polis,CY,2022-07-25 18:57:16,35.0367,32.4264,82.22,52,0,3.0
148,Storforshei,NO,2022-07-25 18:57:35,66.4043,14.5233,67.78,60,40,11.5
149,Talnakh,RU,2022-07-25 18:48:46,69.4865,88.3972,56.21,87,17,7.09
150,The Valley,AI,2022-07-25 18:57:35,18.217,-63.0578,87.66,70,20,20.71
151,Portland,US,2022-07-25 18:54:26,45.5234,-122.6762,89.71,48,6,5.99
152,Mareeba,AU,2022-07-25 18:57:36,-17.0,145.4333,63.32,97,0,2.44
153,America Dourada,BR,2022-07-25 18:57:36,-11.4553,-41.4361,80.37,34,88,13.18
154,San Andres,CO,2022-07-25 18:57:37,12.5847,-81.7006,86.02,70,40,6.91
155,Bheramara,BD,2022-07-25 18:57:37,24.0232,88.9925,78.89,89,100,5.7
156,Paka,MY,2022-07-25 18:57:37,4.6374,103.4368,76.98,94,77,0.0
157,Harper,LR,2022-07-25 18:57:38,4.375,-7.7169,74.41,74,53,7.11
158,Cimarron Hills,US,2022-07-25 18:57:38,38.8586,-104.6989,84.88,36,40,14.97
159,Tomatlan,MX,2022-07-25 18:57:38,19.9333,-105.25,88.79,64,100,7.02
160,Joshimath,IN,2022-07-25 18:57:39,30.5667,79.5667,71.51,90,100,1.14
161,Sarangani,PH,2022-07-25 18:57:39,5.4033,125.4636,82.69,76,96,4.94
162,Pevek,RU,2022-07-25 18:57:40,69.7008,170.3133,35.58,82,94,5.86
163,Man,CI,2022-07-25 18:57:40,7.4125,-7.5538,73.89,80,41,2.17
164,Constantine,DZ,2022-07-25 18:57:40,36.365,6.6147,92.61,18,0,9.22
165,Butaritari,KI,2022-07-25 18:51:25,3.0707,172.7902,82.06,69,66,20.33
166,Clyde River,CA,2022-07-25 18:50:00,70.4692,-68.5914,44.83,87,75,4.61
167,Bathsheba,BB,2022-07-25 18:57:41,13.2167,-59.5167,86.61,95,40,13.8
168,Banda Aceh,ID,2022-07-25 18:55:02,5.5577,95.3222,76.87,84,100,7.34
169,Vila Franca Do Campo,PT,2022-07-25 18:50:06,37.7167,-25.4333,75.61,80,52,5.93
170,Dali,CN,2022-07-25 18:57:42,25.7,100.1833,62.13,92,98,4.29
171,Sao Filipe,CV,2022-07-25 18:57:42,14.8961,-24.4956,79.14,84,100,6.11
172,Misratah,LY,2022-07-25 18:57:43,32.3754,15.0925,82.58,65,0,11.52
173,Vaini,TO,2022-07-25 18:57:43,-21.2,-175.2,71.76,88,20,5.75
174,Codrington,AU,2022-07-25 18:48:52,-38.2667,141.9667,49.1,75,100,23.06
175,Arraial Do Cabo,BR,2022-07-25 18:44:44,-22.9661,-42.0278,80.56,78,0,19.57
176,Port Elizabeth,ZA,2022-07-25 18:48:45,-33.918,25.5701,59.29,73,0,16.11
177,Pozoblanco,ES,2022-07-25 18:57:44,38.3791,-4.8483,91.98,9,0,11.72
178,Aklavik,CA,2022-07-25 18:57:44,68.2191,-135.0107,67.26,47,14,13.0
179,Mayumba,GA,2022-07-25 18:58:44,-3.432,10.6554,71.1,91,36,6.26
180,Ngunguru,NZ,2022-07-25 18:58:45,-35.6167,174.5,58.23,82,1,18.07
181,Alice Springs,AU,2022-07-25 18:58:45,-23.7,133.8833,38.75,87,0,2.3
182,Chuy,UY,2022-07-25 18:48:56,-33.6971,-53.4616,60.62,94,100,6.4
183,Okhotsk,RU,2022-07-25 18:58:46,59.3833,143.3,54.93,88,94,5.1
184,Hasaki,JP,2022-07-25 18:58:46,35.7333,140.8333,79.29,94,49,14.25
185,Marataizes,BR,2022-07-25 18:58:46,-21.0433,-40.8244,73.08,76,27,16.28
186,Schwedt,DE,2022-07-25 18:58:47,53.0596,14.2815,71.58,72,100,15.14
187,Ginda,IN,2022-07-25 18:58:47,30.6945,78.4932,66.97,86,100,0.78
188,Mackay,AU,2022-07-25 18:58:47,-21.15,149.2,60.67,86,54,6.6
189,Sokoni,TZ,2022-07-25 18:58:48,-6.4333,39.55,75.92,76,56,15.84
190,Dunedin,NZ,2022-07-25 18:52:30,-45.8742,170.5036,46.35,93,100,18.88
191,Kalmunai,LK,2022-07-25 18:58:48,7.4167,81.8167,80.19,81,100,4.0
192,Pasni,PK,2022-07-25 18:58:49,25.2631,63.471,81.75,87,100,9.6
193,Longyearbyen,SJ,2022-07-25 18:48:10,78.2186,15.6401,48.04,81,75,17.27
194,Nicoya,CR,2022-07-25 18:58:50,10.1483,-85.452,85.57,63,58,2.86
195,Puerto Escondido,MX,2022-07-25 18:56:26,15.85,-97.0667,86.61,60,84,7.83
196,Karratha,AU,2022-07-25 18:58:50,-20.7377,116.8463,64.99,42,4,11.07
197,Natal,BR,2022-07-25 18:58:50,-5.795,-35.2094,86.22,51,20,14.97
198,Tasiilaq,GL,2022-07-25 18:58:51,65.6145,-37.6368,40.1,85,100,2.15
199,Verkhoyansk,RU,2022-07-25 18:58:51,67.5447,133.385,64.94,69,100,0.65
200,Chaoyang,CN,2022-07-25 18:58:52,41.5703,120.4586,71.08,83,100,4.63
201,Champerico,GT,2022-07-25 18:48:54,14.3,-91.9167,91.94,70,25,7.67
202,Grafton,US,2022-07-25 18:58:52,42.207,-71.6856,85.51,75,100,5.99
203,Ongandjera,NA,2022-07-25 18:58:52,-17.8833,15.0667,71.19,25,2,7.94
204,Shache,CN,2022-07-25 18:58:53,38.4167,77.2406,83.71,18,92,8.93
205,Yuryevets,RU,2022-07-25 18:58:53,57.3201,43.1041,68.56,78,44,4.76
206,Berlevag,NO,2022-07-25 18:58:54,70.8578,29.0864,57.0,82,100,13.8
207,Parainen,FI,2022-07-25 18:58:54,60.3067,22.301,67.41,89,100,15.66
208,Altus,US,2022-07-25 18:58:54,34.6381,-99.334,104.52,26,40,6.91
209,Dayong,CN,2022-07-25 18:58:55,25.0209,118.2898,78.93,92,60,0.51
210,Kerema,PG,2022-07-25 18:58:55,-7.9631,145.7785,76.93,92,89,6.31
211,Hofn,IS,2022-07-25 18:50:05,64.2539,-15.2082,51.82,82,75,8.05
212,Santa Maria,BR,2022-07-25 18:58:56,-29.6842,-53.8069,78.1,65,0,6.91
213,Shizunai,JP,2022-07-25 18:58:56,42.3339,142.3669,66.07,89,0,2.71
214,Camana,PE,2022-07-25 18:58:57,-16.6228,-72.7111,64.62,75,43,9.31
215,Hovd,MN,2022-07-25 18:58:57,48.0056,91.6419,57.15,57,7,2.86
216,Arzgir,RU,2022-07-25 18:58:57,45.3728,44.2206,73.4,51,12,8.88
217,Thinadhoo,MV,2022-07-25 18:52:37,0.5333,72.9333,82.74,73,61,7.65
218,Pokhara,NP,2022-07-25 18:58:58,28.2333,83.9833,71.71,93,99,2.01
219,Sao Sepe,BR,2022-07-25 18:58:58,-30.1606,-53.5653,76.64,77,0,4.63
220,Ivdel,RU,2022-07-25 18:58:59,60.6911,60.4206,59.16,83,75,5.79
221,Ossora,RU,2022-07-25 18:58:59,59.2353,163.0719,53.28,77,100,3.13
222,Kudahuvadhoo,MV,2022-07-25 18:58:59,2.6708,72.8944,80.69,77,89,11.56
223,Mahanoro,MG,2022-07-25 19:00:00,-19.9,48.8,65.61,90,13,2.84
224,Kalamnuri,IN,2022-07-25 19:00:00,19.6667,77.3333,76.57,85,100,5.79
225,Camopi,GF,2022-07-25 19:00:01,3.1655,-52.3158,83.79,72,79,3.2
226,Porosozero,RU,2022-07-25 19:00:01,62.7191,32.727,62.22,74,100,4.18
227,Chokurdakh,RU,2022-07-25 19:00:02,70.6333,147.9167,48.7,60,100,12.57
228,Birao,CF,2022-07-25 19:00:03,10.2849,22.7882,74.23,93,95,7.34
229,Sobolevo,RU,2022-07-25 19:00:04,54.4299,31.8996,59.0,94,9,6.46
230,Vandra,EE,2022-07-25 19:00:06,58.6481,25.0361,67.66,84,100,4.92
231,Puerto Ayacucho,VE,2022-07-25 19:00:07,5.6639,-67.6236,75.0,91,100,4.43
232,Yulara,AU,2022-07-25 19:00:07,-25.2406,130.9889,46.45,61,0,10.18
233,Lakeside,US,2022-07-25 19:00:08,30.13,-81.7682,95.2,52,75,9.22
234,Chikwawa,MW,2022-07-25 19:00:08,-16.0335,34.8009,68.92,55,2,6.6
235,Seguela,CI,2022-07-25 19:00:09,7.9611,-6.6731,76.12,74,88,4.76
236,Ust-Ilimsk,RU,2022-07-25 19:00:10,58.0006,102.6619,60.64,93,100,3.4
237,Gidole,ET,2022-07-25 19:00:11,5.65,37.3667,64.18,48,65,4.7
238,Fortuna,US,2022-07-25 19:00:11,40.5982,-124.1573,57.97,75,36,6.73
239,Svetlogorsk,BY,2022-07-25 19:00:12,52.6333,29.7333,59.58,91,0,6.76
240,Xai-Xai,MZ,2022-07-25 19:00:13,-25.0519,33.6442,63.55,70,0,8.12
241,Bambous Virieux,MU,2022-07-25 19:00:14,-20.3428,57.7575,66.22,75,24,11.83
242,Lucea,JM,2022-07-25 19:00:14,18.451,-78.1736,85.86,73,84,9.46
243,Shingu,JP,2022-07-25 19:00:04,33.7333,135.9833,76.23,86,69,4.47
244,Linjiang,CN,2022-07-25 19:00:15,41.8069,126.9078,66.33,98,100,1.63
245,Gorahun,SL,2022-07-25 19:00:16,7.4661,-11.2375,73.08,83,99,4.65
246,Khatanga,RU,2022-07-25 19:00:16,71.9667,102.5,65.16,63,58,2.84
247,Terney,RU,2022-07-25 19:00:16,45.0503,136.6092,65.93,91,0,4.83
248,Bambanglipuro,ID,2022-07-25 19:00:17,-7.95,110.2833,69.66,83,96,3.44
249,Norman Wells,CA,2022-07-25 19:00:17,65.282,-126.8329,72.46,42,100,7.27
250,Qaqortoq,GL,2022-07-25 18:50:57,60.7167,-46.0333,43.59,94,100,4.07
251,Yuxia,CN,2022-07-25 19:00:18,34.0615,108.6291,78.71,83,1,2.55
252,Mazagao,BR,2022-07-25 19:00:18,-0.115,-51.2894,90.46,49,30,4.18
253,Rawson,AR,2022-07-25 18:59:22,-43.3002,-65.1023,44.38,91,100,12.86
254,Khorixas,NA,2022-07-25 19:00:19,-20.3667,14.9667,66.49,37,18,7.05
255,Allapalli,IN,2022-07-25 19:00:20,19.4167,80.0667,74.97,95,100,0.83
256,Husavik,IS,2022-07-25 19:00:20,66.0449,-17.3389,48.79,80,100,5.28
257,Antalaha,MG,2022-07-25 19:00:21,-14.9003,50.2788,68.72,82,83,6.69
258,Nabire,ID,2022-07-25 19:00:21,-3.3667,135.4833,75.27,93,100,4.07
259,Tromso,NO,2022-07-25 19:00:22,69.6496,18.957,61.38,63,0,2.3
260,Savonlinna,FI,2022-07-25 19:00:22,61.8699,28.88,68.05,68,0,5.75
261,Canchungo,GW,2022-07-25 19:00:23,12.0672,-16.0333,75.25,94,100,3.4
262,Nishihara,JP,2022-07-25 19:00:23,26.1842,127.7558,83.48,89,0,2.3
263,Mbala,ZM,2022-07-25 19:00:23,-8.8402,31.3659,61.93,57,12,10.2
264,Cayenne,GF,2022-07-25 18:52:36,4.9333,-52.3333,85.08,6,100,5.75
265,Kotri,PK,2022-07-25 19:00:24,25.366,68.3122,81.64,87,73,12.03
266,Bintulu,MY,2022-07-25 19:00:24,3.1667,113.0333,76.3,91,100,1.9
267,Bereda,ES,2022-07-25 19:00:25,43.2686,-7.5406,70.41,89,7,6.08
268,Lebu,CL,2022-07-25 19:01:25,-37.6167,-73.65,52.11,93,100,19.93
269,Muncar,ID,2022-07-25 19:01:25,-8.4333,114.3333,73.6,87,91,3.27
270,Telenesti,MD,2022-07-25 19:01:26,47.4997,28.3656,70.92,39,12,4.09
271,Timiryazevskoye,RU,2022-07-25 19:01:26,56.49,84.8769,58.15,97,71,3.51
272,Shitanjing,CN,2022-07-25 19:01:27,39.2342,106.3439,76.98,38,17,3.38
273,Iroquois Falls,CA,2022-07-25 19:01:27,48.7669,-80.6831,63.45,64,100,9.82
274,Mount Isa,AU,2022-07-25 18:52:38,-20.7333,139.5,60.57,48,0,14.97
275,Wenatchee,US,2022-07-25 18:59:57,47.4235,-120.3103,97.66,27,7,1.99
276,Katherine,AU,2022-07-25 19:01:28,-14.4667,132.2667,64.72,68,3,6.91
277,Hudiksvall,SE,2022-07-25 19:01:28,61.729,17.1036,63.48,94,100,12.06
278,Guerrero Negro,MX,2022-07-25 19:01:28,27.9769,-114.0611,83.08,43,0,5.99
279,Mandera,KE,2022-07-25 19:01:29,3.9366,41.867,83.52,36,91,18.5
280,Los Llanos De Aridane,ES,2022-07-25 19:01:29,28.6585,-17.9182,73.15,83,0,17.27
281,Whitehorse,CA,2022-07-25 19:01:30,60.7161,-135.0538,54.5,93,99,8.05
282,Constanza,DE,2022-07-25 19:01:30,47.6603,9.1758,86.09,87,100,10.11
283,Nyuksenitsa,RU,2022-07-25 19:01:31,60.4128,44.2397,60.37,97,99,4.56
284,Roebourne,AU,2022-07-25 19:01:31,-20.7833,117.1333,64.49,39,2,11.16
285,Mahebourg,MU,2022-07-25 18:51:05,-20.4081,57.7,68.29,88,40,10.36
286,Pedro Betancourt,CU,2022-07-25 19:01:31,22.7272,-81.29,92.21,48,96,13.38
287,Susanville,US,2022-07-25 19:01:32,40.4163,-120.653,91.11,15,0,5.99
288,Gat,IL,2022-07-25 18:52:36,31.61,34.7642,81.81,100,0,3.98
289,Omboue,GA,2022-07-25 19:01:32,-1.5746,9.2618,72.81,84,41,8.77
290,Port Lincoln,AU,2022-07-25 19:01:33,-34.7333,135.8667,51.69,70,10,10.71
291,Namikupa,TZ,2022-07-25 19:01:33,-10.8333,39.6,64.92,92,31,3.31
292,Saint-Joseph,RE,2022-07-25 19:01:33,-21.3667,55.6167,64.78,80,38,10.58
293,Niquero,CU,2022-07-25 19:01:34,20.0431,-77.5828,86.25,63,52,4.41
294,Springbok,ZA,2022-07-25 19:01:34,-29.6643,17.8865,55.83,25,0,7.2
295,Port Macquarie,AU,2022-07-25 19:01:35,-31.4333,152.9167,44.89,83,3,5.26
296,Ruteng,ID,2022-07-25 19:01:35,-8.6136,120.4721,59.09,86,51,3.89
297,Rocha,UY,2022-07-25 19:01:35,-34.4833,-54.3333,63.61,91,100,8.63
298,Tuy Hoa,VN,2022-07-25 18:56:54,13.0833,109.3,77.65,89,100,2.84
299,Meulaboh,ID,2022-07-25 19:01:36,4.1363,96.1285,74.95,96,100,5.59
300,Newport,GB,2022-07-25 19:01:13,51.5877,-2.9984,67.44,68,15,14.94
301,Peleduy,RU,2022-07-25 19:01:36,59.6289,112.7406,66.2,90,22,3.53
302,Bouar,CF,2022-07-25 19:01:37,5.934,15.596,66.7,94,100,1.19
303,Sorland,NO,2022-07-25 19:01:37,67.667,12.6934,56.46,89,93,15.21
304,Manggar,ID,2022-07-25 19:01:38,-2.8833,108.2667,80.55,76,100,11.74
305,Kilindoni,TZ,2022-07-25 19:01:38,-7.9139,39.6668,75.97,75,19,15.35
306,Lavrentiya,RU,2022-07-25 19:01:38,65.5833,-171.0,40.6,92,100,13.91
307,Isla Vista,US,2022-07-25 19:01:39,34.4133,-119.861,83.25,39,28,6.62
308,Klaeng,TH,2022-07-25 19:01:39,12.7797,101.6483,84.94,100,49,1.72
309,Zhezkazgan,KZ,2022-07-25 19:01:39,47.8043,67.7144,80.62,24,94,13.49
310,Port Blair,IN,2022-07-25 19:01:40,11.6667,92.75,81.34,83,100,6.29
311,Manica,FR,2022-07-25 19:01:40,49.0,-1.1667,63.52,78,13,8.99
312,Aborlan,PH,2022-07-25 19:01:41,9.4352,118.5492,78.89,84,99,2.55
313,Bom Sucesso,BR,2022-07-25 19:01:42,-21.0331,-44.7581,79.43,28,0,4.34
314,Fukuma,JP,2022-07-25 19:01:42,33.7667,130.4667,80.6,84,0,0.81
315,Lubbock,US,2022-07-25 19:02:23,33.6001,-101.8338,95.38,27,40,18.41
316,Ginir,ET,2022-07-25 19:02:19,7.1333,40.7,67.5,46,91,13.78
317,Paamiut,GL,2022-07-25 19:02:43,61.994,-49.6678,44.1,88,24,3.53
318,Castro,BR,2022-07-25 19:00:42,-24.7911,-50.0119,73.45,47,75,3.56
319,Chalinze,TZ,2022-07-25 19:02:43,-6.6378,38.354,72.03,71,95,4.07
320,Ugoofaaru,MV,2022-07-25 19:02:44,5.6667,73.0,81.88,77,79,13.47
321,Itamarandiba,BR,2022-07-25 19:02:44,-17.8572,-42.8589,71.85,49,4,8.41
322,Iqaluit,CA,2022-07-25 19:00:14,63.7506,-68.5145,46.13,93,75,8.05
323,Denpasar,ID,2022-07-25 19:00:55,-8.65,115.2167,76.71,83,100,7.74
324,Amboasary,MG,2022-07-25 19:02:45,-25.0333,46.3833,66.76,86,5,1.61
325,Desaguadero,PE,2022-07-25 19:02:45,-16.5656,-69.0417,55.18,28,63,10.87
326,Luderitz,NA,2022-07-25 19:00:32,-26.6481,15.1594,57.97,79,14,9.66
327,Linguere,SN,2022-07-25 19:02:46,15.3953,-15.1193,92.41,45,100,5.37
328,Kushima,JP,2022-07-25 19:02:46,31.4583,131.2333,77.83,95,12,3.62
329,Tilichiki,RU,2022-07-25 19:02:47,60.4667,166.1,51.53,77,100,2.59
330,Sanarate,GT,2022-07-25 19:02:47,14.795,-90.1922,80.06,58,100,1.86
331,Namatanai,PG,2022-07-25 19:02:47,-3.6667,152.4333,78.22,84,24,9.42
332,Ponta Do Sol,PT,2022-07-25 19:02:48,32.6667,-17.1,88.72,48,77,4.0
333,Toora-Khem,RU,2022-07-25 19:02:48,52.4675,96.11,44.13,94,69,3.56
334,Koslan,RU,2022-07-25 19:02:48,63.4564,48.8989,51.37,75,14,5.01
335,Longonjo,AO,2022-07-25 19:02:49,-12.9067,15.2533,67.37,28,16,4.68
336,Olafsvik,IS,2022-07-25 19:02:49,64.8945,-23.7142,53.02,65,93,5.64
337,Kapit,MY,2022-07-25 19:02:49,2.0167,112.9333,73.71,100,100,0.85
338,Moose Factory,CA,2022-07-25 19:02:50,51.2585,-80.6094,57.18,88,100,12.66
339,Ostrovnoy,RU,2022-07-25 19:02:50,68.0531,39.5131,53.64,75,96,2.93
340,Thompson,CA,2022-07-25 19:02:51,55.7435,-97.8558,60.96,82,100,4.61
341,Goderich,CA,2022-07-25 19:02:51,43.7501,-81.7165,67.91,62,0,7.56
342,Tulum,MX,2022-07-25 19:02:51,20.2167,-87.4667,88.92,56,99,8.63
343,Tucurui,BR,2022-07-25 19:02:52,-3.7661,-49.6725,87.21,55,100,3.11
344,Sabha,LY,2022-07-25 19:02:52,27.0377,14.4283,87.89,19,0,9.82
345,Turukhansk,RU,2022-07-25 19:02:53,65.8167,87.9833,51.66,91,87,2.1
346,Wencheng,CN,2022-07-25 19:02:53,33.0559,113.7978,77.45,95,100,3.24
347,Tukrah,LY,2022-07-25 19:02:53,32.5341,20.5791,80.24,82,0,7.9
348,Bandarbeyla,SO,2022-07-25 19:02:54,9.4942,50.8122,76.24,83,27,31.99
349,Minsk,BY,2022-07-25 19:02:54,53.9,27.5667,64.15,83,0,4.83
350,Gwembe,ZM,2022-07-25 19:02:54,-16.4975,27.6069,58.15,45,0,2.04
351,Fare,PF,2022-07-25 19:02:55,-16.7,-151.0167,76.37,82,60,10.22
352,Paso De Carrasco,UY,2022-07-25 19:02:55,-34.8603,-56.0522,59.45,95,100,10.0
353,Tayu,ID,2022-07-25 19:02:55,-6.5397,111.0518,72.32,76,20,8.88
354,Kaseda,JP,2022-07-25 19:02:56,31.4167,130.3167,79.07,86,4,4.52
355,Sharjah,AE,2022-07-25 18:58:49,25.3573,55.4033,100.38,59,0,12.66
356,Faanui,PF,2022-07-25 19:02:57,-16.4833,-151.75,77.16,78,11,8.72
357,Gravdal,NO,2022-07-25 19:02:57,68.1214,13.5031,55.29,100,75,4.61
358,Batagay,RU,2022-07-25 19:02:57,67.6333,134.6333,63.54,72,100,0.56
359,Sibuco,PH,2022-07-25 19:02:58,7.2911,122.0656,78.31,85,96,2.04
360,Kaeo,NZ,2022-07-25 19:02:58,-35.1,173.7833,56.32,97,29,17.96
361,Waipawa,NZ,2022-07-25 19:02:58,-41.4122,175.5153,50.72,96,100,16.15
362,Narayanpet,IN,2022-07-25 19:02:59,16.7333,77.5,76.62,83,100,7.49
363,Port Hardy,CA,2022-07-25 19:00:42,50.6996,-127.4199,62.2,87,85,8.68
364,Salisbury,GB,2022-07-25 19:03:59,51.0693,-1.7957,68.54,68,75,12.66
365,Gunnedah,AU,2022-07-25 19:04:00,-30.9833,150.25,47.75,85,10,2.64
366,Coahuayana,MX,2022-07-25 19:04:00,18.7333,-103.6833,85.1,73,100,5.39
367,College,US,2022-07-25 19:04:00,64.8569,-147.8028,70.12,57,100,10.36
368,Florianopolis,BR,2022-07-25 19:04:01,-27.6146,-48.5012,70.63,72,46,4.0
369,Salalah,OM,2022-07-25 19:04:01,17.0151,54.0924,77.09,100,100,4.61
370,Ketchikan,US,2022-07-25 19:04:01,55.3422,-131.6461,61.81,89,84,4.74
371,Sao Raimundo Das Mangabeiras,BR,2022-07-25 19:04:02,-7.0219,-45.4811,95.05,22,100,5.82
372,Asuncion Nochixtlan,MX,2022-07-25 19:04:02,17.4667,-97.2333,70.59,54,90,12.33
373,Margate,GB,2022-07-25 19:01:33,51.3813,1.3862,71.87,66,100,4.0
374,Bahia Blanca,AR,2022-07-25 19:04:03,-38.7196,-62.2724,59.41,62,100,9.75
375,Leshukonskoye,RU,2022-07-25 19:04:03,64.8989,45.7622,48.9,81,11,3.62
376,Trincomalee,LK,2022-07-25 19:04:04,8.5711,81.2335,79.27,86,100,8.46
377,Kabare,CD,2022-07-25 19:03:10,-2.4683,28.8242,64.04,70,75,0.11
378,Te Anau,NZ,2022-07-25 19:04:04,-45.4167,167.7167,38.61,95,100,2.89
379,Nyimba,ZM,2022-07-25 19:04:04,-14.5566,30.8149,69.17,35,0,10.56
380,Bulgan,MN,2022-07-25 19:04:05,48.8125,103.5347,52.5,92,100,2.13
381,Skovorodino,RU,2022-07-25 19:04:05,53.9833,123.9167,64.13,80,47,1.99
382,Lincoln,US,2022-07-25 19:00:23,40.8,-96.667,73.47,100,100,6.38
383,Horsham,GB,2022-07-25 19:04:06,51.064,-0.3272,71.11,61,100,12.37
384,Nouadhibou,MR,2022-07-25 19:04:06,20.931,-17.0347,69.03,91,0,21.5
385,Great Bend,US,2022-07-25 19:00:04,38.3645,-98.7648,93.27,35,84,10.07
386,Saint-Augustin,CA,2022-07-25 19:04:07,51.226,-58.6502,58.21,98,100,15.28
387,Sao Joao Da Barra,BR,2022-07-25 19:04:07,-21.6403,-41.0511,73.29,77,0,13.94
388,Fukue,JP,2022-07-25 19:04:07,32.6881,128.8419,77.16,79,4,4.94
389,Khandbari,NP,2022-07-25 19:04:08,27.3747,87.2039,72.18,93,100,0.85
390,Rafsanjan,IR,2022-07-25 19:04:08,30.4067,55.9939,94.23,20,100,8.63
391,San Ramon De La Nueva Oran,AR,2022-07-25 19:04:09,-23.1322,-64.326,93.42,35,8,4.21
392,San Cristobal,VE,2022-07-25 19:04:00,7.7669,-72.225,81.79,49,37,8.37
393,Kyshtovka,RU,2022-07-25 19:04:09,56.555,76.6271,58.03,90,18,6.22
394,Puerto Vallarta,MX,2022-07-25 19:00:05,20.6204,-105.2307,89.91,66,84,4.0
395,Ascension,US,2022-07-25 19:04:10,30.2169,-90.9001,93.27,70,40,12.66
396,Kaitangata,NZ,2022-07-25 19:04:10,-46.2817,169.8464,45.9,94,100,17.45
397,Pacific Grove,US,2022-07-25 19:00:36,36.6177,-121.9166,68.2,88,7,7.0
398,Hay River,CA,2022-07-25 18:59:18,60.8156,-115.7999,66.18,55,40,12.66
399,Bilibino,RU,2022-07-25 19:04:11,68.0546,166.4372,44.71,66,19,5.17
400,Taksimo,RU,2022-07-25 19:04:11,56.3444,114.8794,62.87,89,7,1.99
401,Kenai,US,2022-07-25 19:03:17,60.5544,-151.2583,59.09,94,100,6.33
402,Deputatskiy,RU,2022-07-25 19:04:12,69.3,139.9,56.21,58,100,3.49
403,Taoudenni,ML,2022-07-25 19:04:12,22.6783,-3.9836,107.53,7,5,11.45
404,Camocim,BR,2022-07-25 19:04:12,-2.9022,-40.8411,85.5,56,81,15.59
405,Pudozh,RU,2022-07-25 19:04:13,61.8099,36.5345,58.98,91,14,0.98
406,Purpe,RU,2022-07-25 19:04:14,64.4803,76.6897,55.0,70,100,7.9
407,Lovozero,RU,2022-07-25 19:04:14,68.005,35.0117,56.86,70,51,6.15
408,Maceio,BR,2022-07-25 19:00:17,-9.6658,-35.7353,78.24,73,75,10.36
409,Culebra,PR,2022-07-25 19:04:15,18.303,-65.301,87.01,86,96,15.99
410,Eureka,US,2022-07-25 19:05:16,40.8021,-124.1637,89.67,75,51,5.01
411,Ust-Ordynskiy,RU,2022-07-25 19:05:16,52.805,104.7508,54.12,97,100,16.31
412,Makakilo City,US,2022-07-25 19:05:17,21.3469,-158.0858,80.92,64,20,14.97
413,Chara,RU,2022-07-25 19:05:17,56.9064,118.2631,63.63,78,0,3.11
414,Yuci,CN,2022-07-25 19:05:18,37.6803,112.7319,65.95,77,0,2.24
415,Noyabrsk,RU,2022-07-25 19:05:18,63.1994,75.4507,50.02,80,61,2.26
416,Baie-Comeau,CA,2022-07-25 19:00:34,49.2168,-68.1489,62.28,100,100,8.05
417,Xining,CN,2022-07-25 19:05:19,36.6167,101.7667,59.52,49,5,3.09
418,Aykhal,RU,2022-07-25 19:05:19,66.0,111.5,61.92,88,16,4.99
419,Fatehpur,IN,2022-07-25 19:05:19,25.9333,80.8,84.09,73,92,5.84
420,Pemangkat,ID,2022-07-25 19:05:20,1.1667,108.9667,77.85,87,100,7.34
421,Kununurra,AU,2022-07-25 19:05:20,-15.7667,128.7333,51.78,82,1,2.3
422,Lac Du Bonnet,CA,2022-07-25 19:00:44,50.2536,-96.0612,73.45,47,94,9.24
423,Shenzhen,CN,2022-07-25 19:05:21,22.5455,114.0683,87.22,91,100,5.79
424,Moranbah,AU,2022-07-25 19:01:38,-22.0016,148.0466,55.98,92,0,4.74
425,Kotido,UG,2022-07-25 19:05:21,2.9806,34.1331,73.31,56,83,3.85
426,Havelock,US,2022-07-25 19:05:21,34.8791,-76.9013,89.58,76,75,17.27
427,Shelton,US,2022-07-25 19:00:38,41.3165,-73.0932,81.12,81,100,12.66
428,Ayan,RU,2022-07-25 19:05:22,56.45,138.1667,55.85,90,100,11.14
429,Warwick,US,2022-07-25 19:02:09,41.7001,-71.4162,87.73,78,75,16.11
430,Maloy,NO,2022-07-25 19:05:22,61.9353,5.1136,53.33,90,89,24.92
431,Kailua,US,2022-07-25 19:03:10,21.4022,-157.7394,79.65,73,27,8.99
432,Itoman,JP,2022-07-25 19:05:23,26.1247,127.6694,84.22,89,0,2.3
433,Maba,CN,2022-07-25 19:05:23,24.6841,113.5984,81.16,75,1,2.62
434,Suhbaatar,MN,2022-07-25 19:01:12,50.2314,106.2078,54.28,88,100,1.59
435,Mayor Pablo Lagerenza,PY,2022-07-25 19:05:24,-19.9309,-60.7718,99.3,17,0,10.27
436,Broome,US,2022-07-25 19:05:24,42.2506,-75.833,84.69,60,0,13.8
437,Manzanillo,CU,2022-07-25 19:05:25,20.3433,-77.1167,89.26,57,70,5.17
438,Ulkan,RU,2022-07-25 19:05:25,57.243,107.3223,62.19,99,100,2.42
439,Nome,US,2022-07-25 19:04:17,64.5011,-165.4064,53.67,83,100,14.97
440,Narsaq,GL,2022-07-25 19:04:05,60.9167,-46.05,57.42,86,100,3.78
441,Dilla,ET,2022-07-25 19:05:26,6.41,38.31,64.85,69,90,4.52
442,Campanha,BR,2022-07-25 19:05:26,-21.8361,-45.4006,78.21,32,6,1.1
443,Martapura,ID,2022-07-25 19:05:26,-3.4167,114.85,75.29,88,100,1.14
444,Shellbrook,CA,2022-07-25 19:05:27,53.2168,-106.4011,63.72,75,100,9.37
445,Nizwa,OM,2022-07-25 19:04:11,22.9333,57.5333,89.67,55,100,7.34
446,Sambava,MG,2022-07-25 19:05:27,-14.2667,50.1667,70.2,84,94,12.21
447,Wagga Wagga,AU,2022-07-25 19:01:23,-35.1167,147.3667,52.21,87,100,10.36
448,Tautira,PF,2022-07-25 19:05:28,-17.7333,-149.15,74.71,88,98,3.74
449,Nyurba,RU,2022-07-25 19:05:12,63.2842,118.3319,66.78,95,17,4.88
450,Pimentel,PE,2022-07-25 19:05:28,-6.8367,-79.9342,70.09,64,0,17.27
451,Kursk,RU,2022-07-25 19:05:29,51.7303,36.1939,63.75,100,0,4.47
452,Krasnoselkup,RU,2022-07-25 19:05:29,65.7,82.4667,54.37,81,98,7.02
453,Panama City,PA,2022-07-25 19:05:29,8.9936,-79.5197,84.15,77,75,12.66
454,Tsaratanana,MG,2022-07-25 19:05:30,-16.7833,47.65,64.49,69,0,7.07
455,Diego De Almagro,CL,2022-07-25 19:03:56,-26.3667,-70.05,70.02,29,0,6.22
456,Zhucheng,CN,2022-07-25 19:05:30,35.9947,119.3975,71.83,93,57,5.79
457,Sumenep,ID,2022-07-25 19:05:31,-7.0167,113.8667,75.74,78,34,8.16
458,Ibra,OM,2022-07-25 19:06:31,22.6906,58.5334,85.42,59,100,9.86
459,Beira,MZ,2022-07-25 19:06:32,-19.8436,34.8389,69.35,82,98,13.35
460,Boyolangu,ID,2022-07-25 19:06:32,-8.1181,111.8935,70.88,87,100,1.12
461,Broken Hill,AU,2022-07-25 19:06:32,-31.95,141.4333,44.42,82,0,15.52
462,Severomuysk,RU,2022-07-25 19:06:33,56.1481,113.4267,53.82,86,13,5.44
463,Kyra,RU,2022-07-25 19:06:33,49.5776,111.9753,55.67,96,100,5.08
464,Sahuaripa,MX,2022-07-25 19:06:34,29.05,-109.2333,90.63,49,41,2.42
465,Roald,NO,2022-07-25 19:06:34,62.5833,6.1333,65.16,94,75,5.75
466,Zheleznodorozhnyy,RU,2022-07-25 19:06:34,55.7503,38.0042,72.01,77,100,5.59
467,Domat,CH,2022-07-25 19:06:35,46.8348,9.4508,72.91,76,100,7.0
468,Praia Da Vitoria,PT,2022-07-25 19:06:35,38.7333,-27.0667,77.76,88,63,2.19
469,Lokosovo,RU,2022-07-25 19:06:35,61.1333,74.8167,59.67,82,100,1.34
470,Fria,GN,2022-07-25 19:06:36,10.4167,-13.5833,73.22,97,98,3.56
471,Piacabucu,BR,2022-07-25 19:06:36,-10.4056,-36.4344,75.47,78,71,11.43
472,Port Pirie,AU,2022-07-25 19:06:36,-33.1833,138.0167,48.0,85,6,8.12
473,Tateyama,JP,2022-07-25 19:06:37,34.9833,139.8667,79.11,94,75,6.91
474,Menongue,AO,2022-07-25 19:06:28,-14.6585,17.691,61.0,32,0,4.74
475,Pedernales,DO,2022-07-25 19:06:37,18.0384,-71.744,92.01,43,0,18.3
476,Beaverlodge,CA,2022-07-25 19:06:37,55.2166,-119.4361,71.62,46,72,8.97
477,Gangapur,IN,2022-07-25 19:06:38,26.4833,76.7167,79.34,87,74,6.6
478,Noumea,NC,2022-07-25 19:06:38,-22.2763,166.4572,73.0,99,76,7.45
479,Timra,SE,2022-07-25 19:06:39,62.487,17.3257,62.67,94,100,11.5
480,Polson,US,2022-07-25 19:02:56,47.6936,-114.1632,85.21,43,100,1.86
481,Acarau,BR,2022-07-25 19:06:39,-2.8856,-40.12,83.39,59,86,18.19
482,Santa Rosalia,MX,2022-07-25 19:06:40,27.3167,-112.2833,86.47,43,3,8.41
483,Jos,NG,2022-07-25 19:06:40,9.9167,8.9,68.32,86,66,2.48
484,Vawkavysk,BY,2022-07-25 19:06:40,53.1561,24.4513,63.37,75,100,1.63
485,Kuopio,FI,2022-07-25 19:06:41,62.8924,27.677,66.15,68,0,5.75
486,Vardo,NO,2022-07-25 19:03:11,70.3705,31.1107,53.58,87,0,4.61
487,Evensk,RU,2022-07-25 19:06:41,61.95,159.2333,53.28,73,51,2.17
488,Waingapu,ID,2022-07-25 19:06:42,-9.6567,120.2641,71.01,79,100,7.02
489,Emerald,AU,2022-07-25 19:06:42,-23.5333,148.1667,51.94,100,0,0.0
490,Verkhnevilyuysk,RU,2022-07-25 19:06:42,63.4453,120.3167,65.26,82,7,5.06
491,Muret,FR,2022-07-25 19:06:43,43.3333,1.25,80.04,54,17,1.99
492,Wewak,PG,2022-07-25 19:06:43,-3.5534,143.6268,79.18,86,47,8.3
493,Pachino,IT,2022-07-25 19:06:44,36.7186,15.0907,83.07,64,0,9.95
494,Hambantota,LK,2022-07-25 19:06:44,6.1241,81.1185,75.54,100,75,4.61
495,Ankang,CN,2022-07-25 19:06:44,32.68,109.0172,78.62,84,0,2.15
496,Sao Gabriel Da Cachoeira,BR,2022-07-25 19:06:45,-0.1303,-67.0892,81.97,81,43,2.06
497,Leningradskiy,RU,2022-07-25 19:06:45,69.3833,178.4167,32.52,96,100,5.68
498,Januaria,BR,2022-07-25 19:06:46,-15.4833,-44.3667,86.54,23,1,7.11
499,Razole,IN,2022-07-25 19:06:46,16.4833,81.8333,79.5,87,100,1.61
500,Plettenberg Bay,ZA,2022-07-25 19:06:46,-34.0527,23.3716,56.82,63,0,7.47
501,Okha,RU,2022-07-25 19:06:47,53.5739,142.9478,56.89,98,100,12.08
502,Bamban,PH,2022-07-25 19:06:47,15.6747,120.3315,76.32,84,100,3.29
503,York,US,2022-07-25 19:06:47,40.1254,-77.0,85.41,68,75,10.36
504,Ombessa,CM,2022-07-25 19:07:48,4.603,11.2565,69.35,97,77,5.39
505,Saldanha,ZA,2022-07-25 19:04:21,-33.0117,17.9442,56.98,64,0,10.65
506,Traverse City,US,2022-07-25 19:05:28,44.7631,-85.6206,71.67,59,75,11.5
507,Gainsborough,GB,2022-07-25 19:07:49,53.3833,-0.7667,66.38,68,75,14.97
508,Hermagor,AT,2022-07-25 19:07:49,46.6272,13.3672,71.28,83,63,2.19
509,Barsovo,RU,2022-07-25 19:07:50,61.1667,73.1667,59.13,78,100,3.85
510,Severo-Kurilsk,RU,2022-07-25 19:07:50,50.6789,156.125,50.65,94,100,9.71
511,Paita,PE,2022-07-25 19:07:51,-5.0892,-81.1144,70.47,73,19,14.81
512,Ancud,CL,2022-07-25 19:07:51,-41.8697,-73.8203,49.23,87,100,11.63
513,Trinidad,BO,2022-07-25 19:06:29,-14.8333,-64.9,89.19,44,88,3.8
514,Abu Samrah,SY,2022-07-25 19:03:18,35.3029,37.1841,82.96,24,0,9.91
515,Bacolod,PH,2022-07-25 19:07:52,10.6667,122.95,77.63,88,100,3.8
516,Pangnirtung,CA,2022-07-25 19:05:00,66.1451,-65.7125,51.84,67,32,4.88
517,Djenne,ML,2022-07-25 19:07:22,13.9061,-4.5533,91.69,41,43,7.09
518,Lata,PT,2022-07-25 19:07:52,40.1629,-8.3327,73.08,60,0,7.52
519,Kovdor,RU,2022-07-25 19:07:53,67.5662,30.4758,56.48,82,100,3.4
520,Rezh,RU,2022-07-25 19:07:53,57.37,61.4043,66.83,85,59,3.2
521,Oussouye,SN,2022-07-25 19:07:30,12.485,-16.5469,79.3,80,100,7.81
522,Bowling Green,US,2022-07-25 19:07:53,36.9903,-86.4436,85.53,83,100,5.75
523,Riohacha,CO,2022-07-25 19:07:54,11.5444,-72.9072,88.3,61,97,13.31
524,Kvareli,GE,2022-07-25 19:07:54,41.9524,45.8151,70.16,58,31,4.36
525,Rundu,NA,2022-07-25 19:07:55,-17.9333,19.7667,66.15,27,0,5.99
526,Kuytun,RU,2022-07-25 19:07:55,54.3419,101.5036,51.62,94,100,14.83
527,Orange Walk,BZ,2022-07-25 19:05:09,17.8333,-88.8333,85.14,73,100,5.3
528,Kollo,NE,2022-07-25 19:07:55,13.3043,2.339,93.99,41,51,11.61
529,Jawad,IN,2022-07-25 19:07:56,24.6,74.85,74.97,94,100,9.86
530,Hastings,GB,2022-07-25 19:07:56,50.8552,0.5729,70.99,73,100,17.85
531,Buala,SB,2022-07-25 19:04:13,-8.145,159.5921,79.29,84,83,8.5
532,Camacha,PT,2022-07-25 19:07:57,33.0833,-16.3333,72.82,64,20,5.75
533,Beihai,CN,2022-07-25 19:07:57,21.4833,109.1,84.97,75,8,9.98
534,Hamilton,US,2022-07-25 19:05:04,39.1834,-84.5333,84.25,66,40,8.05
535,Wamba,NG,2022-07-25 19:07:58,8.9333,8.6,74.48,92,49,2.46
536,Flinders,AU,2022-07-25 19:07:58,-34.5833,150.8552,55.38,90,100,4.0
537,Bestobe,KZ,2022-07-25 19:07:58,52.4994,73.0975,71.94,47,5,9.26
538,Cody,US,2022-07-25 19:05:34,44.5263,-109.0565,82.65,38,0,8.05
539,Mersing,MY,2022-07-25 19:07:59,2.4312,103.8405,77.22,89,100,5.46
540,Vanimo,PG,2022-07-25 19:07:59,-2.6741,141.3028,76.68,91,93,4.5
541,La Palma,US,2022-07-25 19:08:00,33.8464,-118.0467,92.97,69,40,5.99
542,Nkhotakota,MW,2022-07-25 19:08:00,-12.9274,34.2961,70.66,64,31,4.18
543,Yeppoon,AU,2022-07-25 19:08:00,-23.1333,150.7333,51.58,90,0,3.22
544,Caluquembe,AO,2022-07-25 19:04:19,-13.7833,14.6833,65.12,27,25,3.0
545,Sisimiut,GL,2022-07-25 19:08:01,66.9395,-53.6735,46.24,79,100,12.19
546,Chifeng,CN,2022-07-25 19:08:01,42.2683,118.9636,70.45,80,36,5.59
547,Yanam,IN,2022-07-25 19:08:02,16.7333,82.2167,78.39,91,100,3.0
548,Klamath Falls,US,2022-07-25 19:06:09,42.2249,-121.7817,91.87,21,0,3.44
549,Atagay,RU,2022-07-25 19:09:02,55.1033,99.3875,57.4,79,100,9.1
550,Kargopol,RU,2022-07-25 19:09:03,61.5071,38.9456,58.55,83,35,5.01
551,Amurrio,ES,2022-07-25 19:09:03,43.05,-3.0,69.55,73,97,5.77
552,Nantucket,US,2022-07-25 19:05:03,41.2835,-70.0995,80.71,85,100,16.11
553,Batagay-Alyta,RU,2022-07-25 19:09:04,67.8006,130.4114,59.65,74,88,2.17
554,Gariadhar,IN,2022-07-25 19:06:19,21.5333,71.5833,79.9,79,100,10.02
555,Necochea,AR,2022-07-25 19:09:05,-38.5473,-58.7368,53.82,79,100,15.55
556,Loandjili,CG,2022-07-25 19:09:05,-4.7561,11.8578,71.15,91,51,8.01
557,Mocuba,MZ,2022-07-25 19:09:05,-16.8392,36.9856,61.66,85,0,3.11
558,Almeirim,BR,2022-07-25 19:09:06,-1.5233,-52.5817,88.77,55,73,3.36
559,Key West,US,2022-07-25 19:09:06,24.5557,-81.7826,89.6,62,20,16.11
560,Foz,ES,2022-07-25 19:09:06,43.5692,-7.2544,65.59,80,56,4.29
561,Airai,TL,2022-07-25 19:04:14,-8.9266,125.4092,54.05,84,8,3.2
562,Burnie,AU,2022-07-25 19:09:07,-41.0667,145.9167,53.94,93,64,8.95
563,Colesberg,ZA,2022-07-25 19:09:07,-30.72,25.0972,47.43,30,0,5.37
564,Varzea Grande,BR,2022-07-25 19:08:39,-15.6467,-56.1325,94.87,23,0,5.75
565,Talaya,RU,2022-07-25 19:09:08,61.3833,152.75,59.41,61,7,1.72
566,Northampton,US,2022-07-25 19:09:08,40.8754,-75.2499,84.54,75,22,5.01
567,Zermatt,CH,2022-07-25 19:09:09,46.0213,7.7491,67.5,78,100,7.4
568,Pauini,BR,2022-07-25 19:09:09,-7.7136,-66.9764,90.09,43,95,0.98
569,Kulu,TR,2022-07-25 19:09:10,39.0951,33.0799,73.63,27,0,7.87
570,Alta Floresta,BR,2022-07-25 19:09:10,-9.8756,-56.0861,96.84,19,36,4.09
571,Ulaangom,MN,2022-07-25 19:09:11,49.9811,92.0667,60.19,46,59,5.57
572,Caravelas,BR,2022-07-25 19:09:11,-17.7125,-39.2481,74.46,73,15,6.38
573,Barybino,RU,2022-07-25 19:09:11,55.2677,37.8933,71.47,71,20,6.71
574,Buckeye,US,2022-07-25 19:07:01,33.3703,-112.5838,99.12,52,59,7.83
575,Ferrol,ES,2022-07-25 19:09:12,43.4832,-8.2369,70.32,85,0,10.4
576,Trat,TH,2022-07-25 19:09:12,12.5,102.5,82.87,90,100,0.31
577,Chicama,PE,2022-07-25 19:04:58,-7.8447,-79.1469,61.34,62,20,11.07
578,Bonavista,CA,2022-07-25 19:09:13,48.6499,-53.1147,69.64,73,99,14.38
579,Faya,SA,2022-07-25 19:09:13,18.3851,42.4509,61.32,75,100,10.22
580,Port Hedland,AU,2022-07-25 19:09:13,-20.3167,118.5667,59.05,47,0,10.36
581,Baker City,US,2022-07-25 19:09:14,44.7749,-117.8344,83.91,33,0,4.61
582,General Cepeda,MX,2022-07-25 19:09:14,25.3833,-101.45,87.06,28,43,9.91
583,General Roca,AR,2022-07-25 19:09:14,-39.0333,-67.5833,44.71,92,100,11.65
584,Sakakah,SA,2022-07-25 19:09:15,29.9697,40.2064,94.5,12,2,11.56
585,Fayaoue,NC,2022-07-25 19:09:15,-20.65,166.5333,74.08,79,57,17.6
586,Sur,OM,2022-07-25 19:05:38,22.5667,59.5289,86.04,71,100,10.33
587,Touros,BR,2022-07-25 19:06:12,-5.1989,-35.4608,79.54,68,100,17.67
588,Half Moon Bay,US,2022-07-25 19:09:16,37.4636,-122.4286,79.88,70,100,14.97
589,Vestmannaeyjar,IS,2022-07-25 19:05:48,63.4427,-20.2734,52.79,82,0,9.22
590,Abengourou,CI,2022-07-25 19:09:17,6.7297,-3.4964,73.53,86,51,2.28
591,Sillanwali,PK,2022-07-25 19:09:17,31.8261,72.5398,84.76,76,100,7.29
592,Tiksi,RU,2022-07-25 19:09:18,71.6872,128.8694,48.25,91,49,3.62
593,Sola,VU,2022-07-25 19:04:32,-13.8833,167.55,80.2,77,3,11.5
594,Kapoeta,SS,2022-07-25 19:10:19,4.7717,33.5903,82.4,46,100,7.58
595,Chernyshevskiy,RU,2022-07-25 19:10:19,63.0128,112.4714,64.71,98,100,4.63
596,Zeya,RU,2022-07-25 19:10:19,53.75,127.2667,65.44,80,2,2.3
597,Tupik,RU,2022-07-25 19:10:20,54.4253,119.9327,59.59,92,8,0.96
598,Bilma,NE,2022-07-25 19:10:20,18.6853,12.9164,96.53,12,7,9.84
599,Maumere,ID,2022-07-25 19:10:21,-8.6199,122.2111,74.8,76,26,8.1
600,Inyonga,TZ,2022-07-25 19:10:22,-6.7167,32.0667,70.65,44,37,4.99
601,Poronaysk,RU,2022-07-25 19:09:08,49.2167,143.1167,56.77,98,100,1.63
602,Oriximina,BR,2022-07-25 19:10:22,-1.7656,-55.8661,90.72,46,4,3.15
603,Srednekolymsk,RU,2022-07-25 19:10:23,67.45,153.6833,44.94,64,100,12.01
604,Padang,ID,2022-07-25 19:10:23,-0.9492,100.3543,74.5,91,100,3.98
605,Fryanovo,RU,2022-07-25 19:10:24,56.1333,38.45,67.08,89,100,4.83
606,Kasamwa,TZ,2022-07-25 19:10:24,-2.85,32.4333,71.94,38,88,4.9
607,Geraldton,AU,2022-07-25 19:10:24,-28.7667,114.6,43.21,87,9,11.5
608,Pareora,NZ,2022-07-25 19:10:25,-44.4871,171.2132,48.18,97,100,22.03
609,Aldan,RU,2022-07-25 19:10:25,58.6031,125.3894,65.05,78,15,2.71
610,Chapais,CA,2022-07-25 19:10:25,49.7834,-74.8492,55.18,96,100,14.43
611,Plerin,FR,2022-07-25 19:10:26,48.5425,-2.7798,65.44,75,100,12.66
612,Qandala,SO,2022-07-25 19:10:26,11.472,49.8728,89.85,51,45,5.91
613,Salon,IN,2022-07-25 19:05:26,26.0333,81.45,82.85,76,76,8.03
614,Olinda,BR,2022-07-25 19:10:27,-8.0089,-34.8553,78.53,61,75,17.27
615,Marzuq,YE,2022-07-25 19:10:27,14.4,46.4667,82.36,57,100,4.9
616,Boundiali,CI,2022-07-25 19:10:27,9.5217,-6.4869,74.01,85,47,3.47
617,Huttwil,CH,2022-07-25 19:10:28,47.115,7.8621,83.32,80,96,5.21
618,Yerbogachen,RU,2022-07-25 19:07:27,61.2767,108.0108,63.19,86,24,5.95
619,North Bend,US,2022-07-25 19:10:28,43.4065,-124.2243,80.92,85,0,9.22
620,Zalantun,CN,2022-07-25 19:10:29,48.0,122.7167,66.18,92,99,2.37
621,Madison,US,2022-07-25 19:10:29,34.7334,-86.5667,93.45,60,0,9.22
622,Kiama,AU,2022-07-25 19:08:59,-34.6833,150.8667,55.58,91,100,1.01
623,Ozinki,RU,2022-07-25 19:10:30,51.1786,49.6769,65.03,78,56,4.76
624,Petropavlovsk-Kamchatskiy,RU,2022-07-25 19:10:30,53.0452,158.6483,52.39,100,75,2.24
625,Urusha,RU,2022-07-25 19:10:31,54.05,122.9,61.05,93,9,2.39
626,Esso,RU,2022-07-25 19:10:31,55.9333,158.7,54.0,94,100,0.47
627,Butterworth,MY,2022-07-25 19:10:31,5.3991,100.3638,80.64,91,40,3.44
628,Byron Bay,AU,2022-07-25 19:07:40,-28.65,153.6167,52.95,88,2,5.21
629,Pangody,RU,2022-07-25 19:10:32,65.85,74.4859,52.61,66,100,9.31
630,Krasnomayskiy,RU,2022-07-25 19:10:32,57.6194,34.4099,60.64,94,45,2.62
631,Tynda,RU,2022-07-25 19:10:33,55.1667,124.7167,61.25,89,9,0.98
632,Mahajanga,MG,2022-07-25 19:10:33,-15.7167,46.3167,71.38,66,54,7.72
633,Poum,NC,2022-07-25 19:07:54,-20.2333,164.0167,72.61,78,1,19.44
634,North Shore,NZ,2022-07-25 19:10:33,-36.8,174.75,58.8,96,5,8.99
635,Digboi,IN,2022-07-25 19:10:34,27.3833,95.6333,74.88,99,100,1.86
636,Bayir,TR,2022-07-25 19:10:34,37.2687,28.2167,82.92,27,0,4.61
637,Russell,US,2022-07-25 19:10:35,32.3502,-85.1999,92.97,58,20,0.0
638,Aswan,EG,2022-07-25 19:05:42,24.0934,32.907,93.49,12,0,10.27
639,Dudinka,RU,2022-07-25 19:10:36,69.4058,86.1778,54.63,82,100,12.59
640,Chhuikhadan,IN,2022-07-25 19:11:36,21.5333,80.9833,75.61,92,100,5.84
641,Salta,AR,2022-07-25 19:10:37,-24.7859,-65.4117,79.57,46,0,8.01
642,Bloomfield,US,2022-07-25 19:10:11,40.8068,-74.1854,92.98,77,0,3.44
643,Cayeli,TR,2022-07-25 19:11:37,41.0923,40.7292,69.13,77,7,3.87
644,Nova Olimpia,BR,2022-07-25 19:11:37,-14.7972,-57.2881,98.06,17,14,5.73
645,Muroto,JP,2022-07-25 19:11:37,33.2833,134.15,79.61,82,100,5.59
646,Bukachacha,RU,2022-07-25 19:11:38,52.9833,116.9167,58.59,95,2,4.16
647,Qiongshan,CN,2022-07-25 19:11:38,20.0058,110.3542,80.26,79,7,5.39
648,Vostok,RU,2022-07-25 19:07:22,46.4856,135.8833,58.59,98,21,2.77
649,Alofi,NU,2022-07-25 19:11:39,-19.0595,-169.9187,69.69,73,75,4.61
650,Uige,AO,2022-07-25 19:11:39,-7.6087,15.0613,77.05,46,98,4.36
651,Topeka,US,2022-07-25 19:11:30,39.0483,-95.678,73.78,89,75,10.36
652,Serebryanyy Bor,RU,2022-07-25 19:11:40,56.8,124.8,59.23,91,1,2.53
653,San-Pedro,CI,2022-07-25 19:11:40,4.7485,-6.6363,74.05,78,0,5.44
654,Aitape,PG,2022-07-25 19:11:41,-3.1374,142.3475,77.0,87,93,5.37
655,Oistins,BB,2022-07-25 19:11:41,13.0667,-59.5333,81.52,83,75,17.27
656,Springdale,US,2022-07-25 19:11:41,36.1867,-94.1288,100.54,39,40,8.05
657,Launceston,AU,2022-07-25 19:11:42,-41.45,147.1667,52.81,94,75,5.75
658,Kattivakkam,IN,2022-07-25 19:11:42,13.2167,80.3167,82.49,77,100,6.98
659,Pemberton,CA,2022-07-25 19:11:42,50.3164,-122.8027,87.8,41,27,3.06
660,Estacion Coahuila,MX,2022-07-25 19:11:43,32.1939,-115.0017,98.46,28,14,10.27
661,Mandurah,AU,2022-07-25 19:11:43,-32.55,115.7,56.91,74,100,21.12
662,Canakkale,TR,2022-07-25 19:11:44,40.0833,26.8333,72.18,62,2,6.4
663,Sayyan,YE,2022-07-25 19:11:44,15.1718,44.3244,65.93,61,100,3.71
664,Assiniboia,CA,2022-07-25 19:11:44,49.6334,-105.9845,61.3,86,100,9.4
665,Shaunavon,CA,2022-07-25 19:11:45,49.6501,-108.4181,63.93,72,98,11.36
666,Stokmarknes,NO,2022-07-25 19:11:45,68.5646,14.9108,57.18,88,100,6.91
667,The Pas,CA,2022-07-25 19:11:45,53.8251,-101.2541,73.76,41,100,8.88
668,Surenavan,AM,2022-07-25 19:11:46,39.75,44.8,75.38,41,0,7.96
669,Cottbus,DE,2022-07-25 19:11:46,51.7667,14.3333,78.62,35,99,10.98
670,Christchurch,NZ,2022-07-25 19:11:47,-43.5333,172.6333,44.91,97,100,8.05
671,Seymchan,RU,2022-07-25 19:11:47,62.8833,152.4333,63.27,60,7,1.74
672,Sandwick,GB,2022-07-25 19:11:47,60.0,-1.25,49.82,76,75,20.71
673,Uruzgan,AF,2022-07-25 19:11:48,32.8333,66.0,79.54,43,84,4.12
674,Port Keats,AU,2022-07-25 19:11:48,-14.25,129.55,67.41,40,10,7.05
675,Deyang,CN,2022-07-25 19:11:48,31.1302,104.382,76.48,88,1,3.85
676,Shimoda,JP,2022-07-25 19:11:49,34.6667,138.95,78.1,93,100,8.66
677,Nagua,DO,2022-07-25 19:11:49,19.3832,-69.8474,86.31,94,40,13.8
678,Ramshir,IR,2022-07-25 19:11:49,30.8946,49.4092,99.64,7,2,13.69
679,Ixtapa,MX,2022-07-25 19:11:50,20.7,-105.2,89.22,70,40,8.05
680,Huilong,CN,2022-07-25 19:11:50,31.8111,121.655,82.92,94,71,12.39
681,Sept-Iles,CA,2022-07-25 19:08:27,50.2001,-66.3821,68.52,88,75,5.75
682,Malakal,SS,2022-07-25 19:11:51,9.5334,31.6605,78.21,72,100,2.42
683,Hanna,CA,2022-07-25 19:11:51,51.6334,-111.9018,63.86,79,100,7.0
684,Taber,CA,2022-07-25 19:07:29,49.8167,-112.1518,65.16,70,100,6.33
685,Aksu,CN,2022-07-25 19:11:52,41.1231,80.2644,85.59,21,19,6.2
686,Chibombo,ZM,2022-07-25 19:11:52,-14.6569,28.0706,60.57,47,4,5.82
687,Gizo,SB,2022-07-25 19:12:52,-8.103,156.8419,81.41,78,64,7.36
688,Velikiy Ustyug,RU,2022-07-25 19:12:53,60.7644,46.3106,61.18,76,100,5.37
689,Road Town,VG,2022-07-25 19:08:59,18.4167,-64.6167,87.89,74,40,13.8
690,Tezu,IN,2022-07-25 19:12:54,27.9167,96.1667,75.65,99,100,1.12
691,Kurchum,KZ,2022-07-25 19:12:54,48.5722,83.6542,60.91,50,0,8.1
692,Naryan-Mar,RU,2022-07-25 19:12:55,67.6713,53.087,47.28,91,100,20.27
693,Arman,RU,2022-07-25 19:12:55,59.7,150.1667,54.63,86,11,3.51
694,Palmer,US,2022-07-25 19:12:55,42.1584,-72.3287,85.14,62,75,17.27
695,Kangundo,KE,2022-07-25 19:12:56,-1.2979,37.3471,58.95,75,54,7.38
